Reference designators,DNP designators,Quantity,Manufacturer,Manufacturer P/N,Description,Vendor Name,Vendor P/N,URL,Notes
C1 C8,,2,Yageo,CC0805ZKY5V6BB106,CAP CER 10UF 10V X5R 0805,Mouser,603-CC805ZKY5V6BB106,https://www.mouser.com/ProductDetail/Yageo/CC0805ZKY5V6BB106?qs=sGAEpiMZZMs0AnBnWHyRQIOKs%2FDjbJvGpa9rPJPQf70%3D,
C2 C3,,2,Yageo,CC0805KFX7R9BB105,CAP CER 1UF 10V X5R 0805,Mouser,603-CC0805KFX7R9BB10,https://www.mouser.com/ProductDetail/Yageo/CC0805KFX7R9BB105?qs=sGAEpiMZZMs0AnBnWHyRQGhk12fSSRJZQDAyigIbU6vHmd7dJCmYDw%3D%3D,
C4 C11,,2,Yageo,CC0805KKX7R8BB474,CAP CER 0.47UF 10V X5R 0805,Digi-Key,311-1364-2-ND,https://www.digikey.com/product-detail/en/yageo/CC0805KKX7R8BB474/311-1364-2-ND/2103102,
C5 C9 C10 C12,,4,Yageo,CC0805KRX7R9BB104,CAP CER 0.1UF 16V X5R 0805,Digi-Key,311-1140-2-ND,https://www.digikey.com/product-detail/en/yageo/CC0805KRX7R9BB104/311-1140-2-ND/302874,
C6 C7 C13 C14,,4,Yageo,CC0805KKX7R6BB225,CAP CER 2.2UF 6.3V X5R 0805,Digi-Key,311-1368-2-ND,https://www.digikey.com/product-detail/en/yageo/CC0805KKX7R6BB225/311-1368-2-ND/2103106,
CN1,,1,Adafruit,4023,Adafruit USB_MICRO_20329_V2,Adafruit,4023,https://www.mouser.com/ProductDetail/Adafruit/4023?qs=0lSvoLzn4L876e8M%252Bnpi5w%3D%3D,
D2 D3,,2,ON Semiconductor,MBR120VLSFT3G,DIODE SCHOTTKY 20V 1A SOD123FL,Digi-Key,MBR120VLSFT3GOSCT-ND,https://www.digikey.com/product-detail/en/on-semiconductor/MBR120VLSFT3G/MBR120VLSFT3GOSCT-ND/3487322,
FB1 FB2 FB3 FB4,,4,Vishay,ILBB0805ER102V,FERRITE BEAD 1 KOHM 0805 1LN,Digi-Key,541-2293-1-ND,https://www.digikey.com/product-detail/en/vishay-dale/ILBB0805ER102V/541-2293-1-ND/5168390,
IC3,,1,Microchip,ATSAMD21E18A-MUT,IC MCU 32BIT 256KB FLASH 32QFN,Digi-Key,ATSAMD21E18A-MUTCT-ND,https://www.digikey.com/product-detail/en/microchip-technology/ATSAMD21E18A-MUT/ATSAMD21E18A-MUTCT-ND/4878884,
DLED1 DLED2 BATTERY MIC1 MIC2,,5,JST,B2B-ZR(LF)(SN),CONN HEADER VERT 2POS 1.5MM,Digi-Key,455-1657-ND,https://www.digikey.com/product-detail/en/jst-sales-america-inc/B2B-ZR(LF)(SN)/455-1657-ND/926564,
L,,1,Kingbright,APT1608EC,LED RED CLEAR CHIP SMD,Digi-Key,754-1117-1-ND,https://www.digikey.com/product-detail/en/kingbright/APT1608EC/754-1117-1-ND/1747834,
LED1,,1,Adafruit Industries,3341,ADDRESS LED DISCRETE SERIAL RGB,Digi-Key,1528-1826-ND,https://www.digikey.com/product-detail/en/adafruit-industries-llc/3341/1528-1826-ND/6578337,
PWR,,1,Kingbright,APT1608CGCK,LED GREEN CLEAR CHIP SMD,Digi-Key,754-1116-1-ND,https://www.digikey.com/product-detail/en/kingbright/APT1608CGCK/754-1116-1-ND/1747833,
Q2,,1,E-Switch,TL6330AF200Q,SMT MINIATURE IP67 2.80MM X 4.60,Digi-Key,EG5546CT-ND,https://www.digikey.com/product-detail/en/e-switch/TL6330AF200Q/EG5546CT-ND/8032038,
R1,,1,Vishay,MCT0603D1501BP100,RES SMD 1.5K OHM 5% 1/20W 0201,Mouser,594-MCT06030D1501BP1,https://www.mouser.com/ProductDetail/Vishay-Beyschlag/MCT06030D1501BP100?qs=sGAEpiMZZMvdGkrng054t47G7xVMAui3I3HkOCZAUss%3D,
R2 R7,,2,Yageo,AT0805FRE07100KL,RES SMD 100K OHM 5% 1/10W 0603,Mouser,603-AT0805FRE07100KL,https://www.mouser.com/ProductDetail/Yageo/AT0805FRE07100KL?qs=sGAEpiMZZMvdGkrng054t7z4BkURc4Lz0HwY0Jw%2F9lBXTrLxxmM2lg%3D%3D,
R3 R6,,2,Yageo,RC0805JR-072K2L,RES SMD 2.2K OHM 1% 1/20W 0201,Digi-Key,311-2.2KARCT-ND,https://www.digikey.com/product-detail/en/yageo/RC0805JR-072K2L/311-2.2KARCT-ND/731218,
R4,,1,Vishay,RN73R1JTTD1002B50,RES SMD 10K OHM 5% 1/20W 0201,Mouser,660-RN73R1JTD1002B50,https://www.mouser.com/ProductDetail/KOA-Speer/RN73R1JTTD1002B50?qs=sGAEpiMZZMvdGkrng054t7z4BkURc4Lz15OiWEnG5LmPqbUXucRRig%3D%3D,
R5 R8,,2,Yageo,AT0805BRD07150KL,RES 150K OHM 1/16W 5% 0402 SMD,Mouser,603-AT0805BRD07150KL,https://www.mouser.sg/ProductDetail/Yageo/AT0805BRD07150KL?qs=tggtontpCXNAzwLQORqOpg==,
U$1 U$9,,2,Maxim Integrated,MAX9814ETD+T,IC AMP CLASS AB MONO 14TDFN,Digi-Key,MAX9814ETD+TCT-ND,https://www.digikey.com/product-detail/en/maxim-integrated/MAX9814ETD-T/MAX9814ETD-TCT-ND/2037128,
U1,,1,Diodes Inc.,AP2112K-3.3TRG1,IC REG LINEAR 3.3V 600MA SOT25,Digi-Key,AP2112K-3.3TRG1DICT-ND,https://www.digikey.com/product-detail/en/diodes-incorporated/AP2112K-3.3TRG1/AP2112K-3.3TRG1DICT-ND/4505257,
