Reference designators,DNP designators,Quantity,Manufacturer,Manufacturer P/N,Description,Sourcing,Vendor Name,Vendor P/N,URL,Notes
C1 C8,,2,Yageo,CC0603MRX5R6BB106,CAP CER 10UF 10V X5R 0603,tempo,Digi-Key,311-1817-1-ND,https://www.digikey.com/product-detail/en/yageo/CC0603MRX5R6BB106/311-1817-1-ND/5195719,
C2 C3,,2,Yageo,CC0603MRX5R6BB105,CAP CER 1UF 10V X5R 0603,tempo,Digi-Key,311-1816-1-ND,https://www.digikey.com/product-detail/en/yageo/CC0603MRX5R6BB105/311-1816-1-ND/5195718,
C4 C11,,2,Yageo,CC0402KRX5R6BB474,CAP CER 0.47UF 10V X5R 0402,tempo,Digi-Key,311-1689-1-ND,https://www.digikey.com/product-detail/en/yageo/CC0402KRX5R6BB474/311-1689-1-ND/5195591,
C5 C9 C10 C12,,4,Yageo,CC0402KRX5R7BB104,CAP CER 0.1UF 16V X5R 0402,tempo,Digi-Key,311-1347-1-ND,https://www.digikey.com/product-detail/en/yageo/CC0402KRX5R7BB104/311-1347-1-ND/2103131,
C6 C7 C13 C14,,4,Yageo,CC0402MRX5R5BB225,CAP CER 2.2UF 6.3V X5R 0402,tempo,Digi-Key,311-1442-1-ND,https://www.digikey.com/product-detail/en/yageo/CC0402MRX5R5BB225/311-1442-1-ND/2833748,
CN1,,1,Adafruit,4023,Adafruit USB_MICRO_20329_V2,custom_vendor,Adafruit,4023,https://www.mouser.com/ProductDetail/Adafruit/4023?qs=0lSvoLzn4L876e8M%252Bnpi5w%3D%3D,
D2 D3,,2,ON Semiconductor,MBR120VLSFT3G,DIODE SCHOTTKY 20V 1A SOD123FL,tempo,Digi-Key,MBR120VLSFT3GOSCT-ND,https://www.digikey.com/product-detail/en/on-semiconductor/MBR120VLSFT3G/MBR120VLSFT3GOSCT-ND/3487322,
FB1 FB2 FB3 FB4,,4,Vishay,ILBB0805ER102V,FERRITE BEAD 1 KOHM 0805 1LN,tempo,Digi-Key,541-2293-1-ND,https://www.digikey.com/product-detail/en/vishay-dale/ILBB0805ER102V/541-2293-1-ND/5168390,
IC3,,1,Microchip,ATSAMD21E18A-MUT,IC MCU 32BIT 256KB FLASH 32QFN,tempo,Digi-Key,ATSAMD21E18A-MUTCT-ND,https://www.digikey.com/product-detail/en/microchip-technology/ATSAMD21E18A-MUT/ATSAMD21E18A-MUTCT-ND/4878884,
DLED1 DLED2 BATTERY MIC1 MIC2,,5,JST,B2B-ZR(LF)(SN),CONN HEADER VERT 2POS 1.5MM,tempo,Digi-Key,455-1657-ND,https://www.digikey.com/product-detail/en/jst-sales-america-inc/B2B-ZR(LF)(SN)/455-1657-ND/926564,
L,,1,Kingbright,APT1608EC,LED RED CLEAR CHIP SMD,tempo,Digi-Key,754-1117-1-ND,https://www.digikey.com/product-detail/en/kingbright/APT1608EC/754-1117-1-ND/1747834,
LED1,,1,Adafruit Industries,3341,ADDRESS LED DISCRETE SERIAL RGB,tempo,Digi-Key,1528-1826-ND,https://www.digikey.com/product-detail/en/adafruit-industries-llc/3341/1528-1826-ND/6578337,
PWR,,1,Kingbright,APT1608CGCK,LED GREEN CLEAR CHIP SMD,tempo,Digi-Key,754-1116-1-ND,https://www.digikey.com/product-detail/en/kingbright/APT1608CGCK/754-1116-1-ND/1747833,
Q2,,1,E-Switch,TL6330AF200Q,SMT MINIATURE IP67 2.80MM X 4.60,tempo,Digi-Key,EG5546CT-ND,https://www.digikey.com/product-detail/en/e-switch/TL6330AF200Q/EG5546CT-ND/8032038,
R1,,1,Yageo,RC0201JR-071K5L,RES SMD 1.5K OHM 5% 1/20W 0201,tempo,Digi-Key,311-1.5KNCT-ND,https://www.digikey.com/product-detail/en/yageo/RC0201JR-071K5L/311-1.5KNCT-ND/1949025,
R2 R7,,2,Yageo,AC0603JR-07100KL,RES SMD 100K OHM 5% 1/10W 0603,tempo,Digi-Key,311-100KLECT-ND,https://www.digikey.com/product-detail/en/yageo/AC0603JR-07100KL/311-100KLECT-ND/2828150,
R3 R6,,2,Yageo,RC0201FR-072K2L,RES SMD 2.2K OHM 1% 1/20W 0201,tempo,Digi-Key,YAG2572CT-ND,https://www.digikey.com/product-detail/en/yageo/RC0201FR-072K2L/YAG2572CT-ND/5281436,
R4,,1,Yageo,RC0201JR-0710KL,RES SMD 10K OHM 5% 1/20W 0201,tempo,Digi-Key,311-10KNCT-ND,https://www.digikey.com/product-detail/en/yageo/RC0201JR-0710KL/311-10KNCT-ND/1949007,
R5 R8,,2,Yageo,RC0201JR-07150KL,RES 150K OHM 1/16W 5% 0402 SMD,tempo,Digi-Key,YAG2355CT-ND,https://www.digikey.com/product-detail/en/yageo/RC0201JR-07150KL/YAG2355CT-ND/5281221,
SWC SWD,,2,TE Connectivity,42751-2,CONN RING CIRC 14-16AWG CRIMP,tempo,Digi-Key,A100629CT-ND,https://www.digikey.com/product-detail/en/te-connectivity-amp-connectors/42751-2/A100629CT-ND/2233340,
U$1 U$9,,2,Maxim Integrated,MAX9814ETD+T,IC AMP CLASS AB MONO 14TDFN,tempo,Digi-Key,MAX9814ETD+TCT-ND,https://www.digikey.com/product-detail/en/maxim-integrated/MAX9814ETD-T/MAX9814ETD-TCT-ND/2037128,
U1,,1,Diodes Inc.,AP2112K-3.3TRG1,IC REG LINEAR 3.3V 600MA SOT25,tempo,Digi-Key,AP2112K-3.3TRG1DICT-ND,https://www.digikey.com/product-detail/en/diodes-incorporated/AP2112K-3.3TRG1/AP2112K-3.3TRG1DICT-ND/4505257,
