Screaming Circuits SMD component position file.
Created by Centroid_ScreamingCircuits_smd.ulp 1.2.0.

Centroid Data for pc board: "Design5.brd" as of: 10/14/2019 9:57 PM
Measurements are in inches. Comma delimited
Only surface mount components included

RefDes,Layer,LocationX,LocationY,Rotation
BAT,Bottom,0.445,0.750,270
C1,Top,1.083,0.830,0
C2,Top,0.748,0.610,0
C3,Top,0.627,0.610,180
C4,Top,1.810,0.810,0
C5,Top,1.570,0.955,90
C6,Top,1.455,0.775,270
C7,Top,1.455,0.985,90
C8,Top,1.218,0.858,0
C9,Top,1.910,0.720,0
C10,Top,1.920,0.350,0
C11,Top,1.810,0.440,0
C12,Top,1.570,0.575,90
C13,Top,1.435,0.395,270
C14,Top,1.435,0.575,90
CN1,Top,0.470,0.750,270
D2,Top,0.983,0.838,90
D3,Top,0.983,0.665,270
FB1,Top,1.365,0.815,90
FB2,Top,1.345,0.995,90
FB3,Top,1.350,0.385,90
FB4,Top,1.350,0.560,90
IC3,Top,0.681,0.792,180
L,Top,0.395,0.968,270
LED1,Top,0.863,0.691,180
PWR,Top,0.390,0.507,270
Q2,Top,1.225,0.715,90
R1,Top,0.401,1.030,0
R2,Top,1.655,0.955,270
R3,Top,1.810,0.895,180
R4,Top,0.395,0.435,0
R5,Top,1.800,0.985,0
R6,Top,1.810,0.525,180
R7,Top,1.655,0.575,270
R8,Top,1.800,0.615,0
SWC,Bottom,0.704,0.618,270
SWD,Bottom,0.782,0.618,270
U$1,Top,1.605,0.790,0
U$6,Top,1.230,0.703,90
U$9,Top,1.605,0.410,0
U1,Top,1.090,0.688,0
